,Remove stopwords,Remove punctuation,Lowercase,Average query runtime (sec),Maximum query runtime (sec),MRR@10,MRR@100,Recall@100,nDCG@10
0,True,True,True,0.20399474625114922,0.48061084747314453,0.5095888745888744,0.5171176967511344,0.8513513513513513,0.5514177876632105
1,True,True,False,0.197461174200247,0.46089887619018555,0.2638774488774489,0.27004468410945537,0.5252252252252252,0.2910434108590475
2,True,False,True,0.1989263646237485,0.46132683753967285,0.4268704418704418,0.4345366637177892,0.7720720720720721,0.46504891356175737
3,True,False,False,0.19367670282587274,0.4501307010650635,0.2115780065780066,0.21767548975850257,0.46396396396396394,0.2350641912514438
4,False,True,True,0.41211352563119147,1.2308251857757568,0.480087945087945,0.4884126958851035,0.8324324324324325,0.5194113693492494
5,False,True,False,0.42446911227595696,1.2438905239105225,0.24916845416845418,0.2552720531700378,0.5153153153153153,0.27440912726951017
6,False,False,True,0.43245099342621124,1.2742974758148193,0.3953367653367653,0.4046413409162659,0.7522522522522522,0.42950182646482865
7,False,False,False,0.4485661755810987,1.3110525608062744,0.20110825110825112,0.20767234127874168,0.4477477477477477,0.22195131764568485
