Average Query Runtime (sec)	Maximum Query Runtime (sec)	Average MRR@10	Average MRR@100	Average Recall@100	Average nDCG@10
0.17263722127200637	0.29651975631713867	0.38641703146264755	0.38641703146264755	0.7917719234933237	0.4254831951779361
