,Dataset,Size,Average query runtime (sec),Maximum query runtime (sec),MRR@10,MRR@100,Recall@100,nDCG@10
0,Test,555,0.12915104187286652,0.2130281925201416,0.3944251394251392,0.4035364732317135,0.8234234234234235,0.4420709644291738
1,Train,2216,0.1295805770352429,0.2111349105834961,0.3665115895937201,0.37426751414422305,0.7759476534296029,0.4136198226147373
2,Full,2771,0.13045463988773232,0.21488213539123535,0.3721023583257443,0.3801297560401301,0.7854565138939011,0.41931826494855706
